{
    "total_repos": 94,
    "interesting_repos": 55,
    "interactive_repos": 27,
    "languages": {
        "TeX": {
            "size": 1456093,
            "repos": 11,
            "relative_size": 0.3346194831240525,
            "relative_size_formatted": "33.46%"
        },
        "Processing": {
            "size": 23287,
            "repos": 3,
            "relative_size": 0.005351501520514013,
            "relative_size_formatted": "0.54%"
        },
        "Python": {
            "size": 599575,
            "repos": 31,
            "relative_size": 0.13778616928596166,
            "relative_size_formatted": "13.78%"
        },
        "Shell": {
            "size": 22255,
            "repos": 11,
            "relative_size": 0.005114341320867409,
            "relative_size_formatted": "0.51%"
        },
        "HTML": {
            "size": 181031,
            "repos": 54,
            "relative_size": 0.04160208149440341,
            "relative_size_formatted": "4.16%"
        },
        "JavaScript": {
            "size": 1543226,
            "repos": 55,
            "relative_size": 0.354643203740145,
            "relative_size_formatted": "35.46%"
        },
        "CSS": {
            "size": 87756,
            "repos": 52,
            "relative_size": 0.020166890000181546,
            "relative_size_formatted": "2.02%"
        },
        "C++": {
            "size": 6972,
            "repos": 1,
            "relative_size": 0.0016022101859846135,
            "relative_size_formatted": "0.16%"
        },
        "Batchfile": {
            "size": 591,
            "repos": 2,
            "relative_size": 0.00013581557944878178,
            "relative_size_formatted": "0.01%"
        },
        "Go": {
            "size": 60362,
            "repos": 3,
            "relative_size": 0.013871573615376253,
            "relative_size_formatted": "1.39%"
        },
        "C": {
            "size": 355463,
            "repos": 6,
            "relative_size": 0.0816876705881596,
            "relative_size_formatted": "8.17%"
        },
        "Makefile": {
            "size": 14878,
            "repos": 5,
            "relative_size": 0.0034190595449052038,
            "relative_size_formatted": "0.34%"
        }
    },
    "stargazers_count": 68,
    "forks_count": 16,
    "watchers_count": 68,
    "open_issues_count": 4,
    "commits_count": 1185
}