{
    "commits_count": 2166,
    "forks_count": 17,
    "interactive_repos": 25,
    "interesting_repos": 60,
    "languages": {
        "Batchfile": {
            "relative_size": 3.528878797582617e-5,
            "relative_size_formatted": "0.00%",
            "repos": 2,
            "size": 591
        },
        "C": {
            "relative_size": 0.02179557354401357,
            "relative_size_formatted": "2.18%",
            "repos": 6,
            "size": 365022
        },
        "C++": {
            "relative_size": 0.0004163002195726904,
            "relative_size_formatted": "0.04%",
            "repos": 1,
            "size": 6972
        },
        "CSS": {
            "relative_size": 0.008094388133318055,
            "relative_size_formatted": "0.81%",
            "repos": 56,
            "size": 135561
        },
        "Go": {
            "relative_size": 0.0036042331976257514,
            "relative_size_formatted": "0.36%",
            "repos": 3,
            "size": 60362
        },
        "HTML": {
            "relative_size": 0.012376751221030876,
            "relative_size_formatted": "1.24%",
            "repos": 58,
            "size": 207280
        },
        "JavaScript": {
            "relative_size": 0.7966769903787001,
            "relative_size_formatted": "79.67%",
            "repos": 59,
            "size": 13342371
        },
        "Makefile": {
            "relative_size": 0.0008883101501122941,
            "relative_size_formatted": "0.09%",
            "repos": 5,
            "size": 14877
        },
        "Processing": {
            "relative_size": 0.0013904737827293806,
            "relative_size_formatted": "0.14%",
            "repos": 3,
            "size": 23287
        },
        "Python": {
            "relative_size": 0.053811281652356,
            "relative_size_formatted": "5.38%",
            "repos": 36,
            "size": 901206
        },
        "Shell": {
            "relative_size": 0.0018658872004341655,
            "relative_size_formatted": "0.19%",
            "repos": 14,
            "size": 31249
        },
        "TeX": {
            "relative_size": 0.09904452173213135,
            "relative_size_formatted": "9.90%",
            "repos": 13,
            "size": 1658751
        }
    },
    "open_issues_count": 7,
    "stargazers_count": 87,
    "total_repos": 102,
    "watchers_count": 87
}